season,field,rows,blank,invalid_nonblank,valid
E1_1718,B365H,552,0,0,552
E1_1718,B365D,552,0,0,552
E1_1718,B365A,552,0,0,552
E1_1718,BWH,552,0,0,552
E1_1718,BWD,552,0,0,552
E1_1718,BWA,552,0,0,552
E1_1718,IWH,552,0,0,552
E1_1718,IWD,552,0,0,552
E1_1718,IWA,552,0,0,552
E1_1718,LBH,552,0,0,552
E1_1718,LBD,552,0,0,552
E1_1718,LBA,552,0,0,552
E1_1718,PSH,552,0,0,552
E1_1718,PSD,552,0,0,552
E1_1718,PSA,552,0,0,552
E1_1718,WHH,552,1,0,551
E1_1718,WHD,552,1,0,551
E1_1718,WHA,552,1,0,551
E1_1718,VCH,552,0,0,552
E1_1718,VCD,552,0,0,552
E1_1718,VCA,552,0,0,552
E1_1718,Bb1X2,552,0,0,552
E1_1718,BbMxH,552,0,0,552
E1_1718,BbAvH,552,0,0,552
E1_1718,BbMxD,552,0,0,552
E1_1718,BbAvD,552,0,0,552
E1_1718,BbMxA,552,0,0,552
E1_1718,BbAvA,552,0,0,552
E1_1718,BbOU,552,0,0,552
E1_1718,BbMx>2.5,552,0,0,552
E1_1718,BbAv>2.5,552,0,0,552
E1_1718,BbMx<2.5,552,0,0,552
E1_1718,BbAv<2.5,552,0,0,552
E1_1718,BbAH,552,0,0,552
E1_1718,BbAHh,552,0,0,552
E1_1718,BbMxAHH,552,0,0,552
E1_1718,BbAvAHH,552,0,0,552
E1_1718,BbMxAHA,552,0,0,552
E1_1718,BbAvAHA,552,0,0,552
E1_1718,PSCH,552,0,0,552
E1_1718,PSCD,552,0,0,552
E1_1718,PSCA,552,0,0,552
E1_1819,B365H,552,0,1,551
E1_1819,B365D,552,0,0,552
E1_1819,B365A,552,0,0,552
E1_1819,BWH,552,1,0,551
E1_1819,BWD,552,1,0,551
E1_1819,BWA,552,1,0,551
E1_1819,IWH,552,0,0,552
E1_1819,IWD,552,0,0,552
E1_1819,IWA,552,0,0,552
E1_1819,PSH,552,1,0,551
E1_1819,PSD,552,1,0,551
E1_1819,PSA,552,1,0,551
E1_1819,WHH,552,1,0,551
E1_1819,WHD,552,1,0,551
E1_1819,WHA,552,1,0,551
E1_1819,VCH,552,0,0,552
E1_1819,VCD,552,0,0,552
E1_1819,VCA,552,0,0,552
E1_1819,Bb1X2,552,0,0,552
E1_1819,BbMxH,552,0,0,552
E1_1819,BbAvH,552,0,0,552
E1_1819,BbMxD,552,0,0,552
E1_1819,BbAvD,552,0,0,552
E1_1819,BbMxA,552,0,0,552
E1_1819,BbAvA,552,0,0,552
E1_1819,BbOU,552,0,0,552
E1_1819,BbMx>2.5,552,0,0,552
E1_1819,BbAv>2.5,552,0,0,552
E1_1819,BbMx<2.5,552,0,0,552
E1_1819,BbAv<2.5,552,0,0,552
E1_1819,BbAH,552,0,0,552
E1_1819,BbAHh,552,0,0,552
E1_1819,BbMxAHH,552,0,0,552
E1_1819,BbAvAHH,552,0,0,552
E1_1819,BbMxAHA,552,0,0,552
E1_1819,BbAvAHA,552,0,0,552
E1_1819,PSCH,552,0,0,552
E1_1819,PSCD,552,0,0,552
E1_1819,PSCA,552,0,0,552
E1_1920,B365H,552,0,0,552
E1_1920,B365D,552,0,0,552
E1_1920,B365A,552,0,0,552
E1_1920,BWH,552,0,0,552
E1_1920,BWD,552,0,0,552
E1_1920,BWA,552,0,0,552
E1_1920,IWH,552,0,0,552
E1_1920,IWD,552,0,0,552
E1_1920,IWA,552,0,0,552
E1_1920,PSH,552,1,0,551
E1_1920,PSD,552,1,0,551
E1_1920,PSA,552,1,0,551
E1_1920,WHH,552,0,0,552
E1_1920,WHD,552,0,0,552
E1_1920,WHA,552,0,0,552
E1_1920,VCH,552,0,0,552
E1_1920,VCD,552,0,0,552
E1_1920,VCA,552,0,0,552
E1_1920,MaxH,552,0,0,552
E1_1920,MaxD,552,0,0,552
E1_1920,MaxA,552,0,0,552
E1_1920,AvgH,552,0,0,552
E1_1920,AvgD,552,0,0,552
E1_1920,AvgA,552,0,0,552
E1_1920,B365>2.5,552,0,0,552
E1_1920,B365<2.5,552,0,0,552
E1_1920,P>2.5,552,1,0,551
E1_1920,P<2.5,552,1,0,551
E1_1920,Max>2.5,552,0,0,552
E1_1920,Max<2.5,552,0,0,552
E1_1920,Avg>2.5,552,0,0,552
E1_1920,Avg<2.5,552,0,0,552
E1_1920,AHh,552,0,0,552
E1_1920,B365AHH,552,0,0,552
E1_1920,B365AHA,552,0,0,552
E1_1920,PAHH,552,1,0,551
E1_1920,PAHA,552,1,0,551
E1_1920,MaxAHH,552,0,0,552
E1_1920,MaxAHA,552,0,0,552
E1_1920,AvgAHH,552,0,0,552
E1_1920,AvgAHA,552,0,0,552
E1_1920,B365CH,552,0,0,552
E1_1920,B365CD,552,0,0,552
E1_1920,B365CA,552,0,0,552
E1_1920,BWCH,552,4,0,548
E1_1920,BWCD,552,4,0,548
E1_1920,BWCA,552,4,0,548
E1_1920,IWCH,552,0,0,552
E1_1920,IWCD,552,0,0,552
E1_1920,IWCA,552,0,0,552
E1_1920,PSCH,552,0,0,552
E1_1920,PSCD,552,0,0,552
E1_1920,PSCA,552,0,0,552
E1_1920,WHCH,552,0,0,552
E1_1920,WHCD,552,0,0,552
E1_1920,WHCA,552,0,0,552
E1_1920,VCCH,552,0,0,552
E1_1920,VCCD,552,0,0,552
E1_1920,VCCA,552,0,0,552
E1_1920,MaxCH,552,0,0,552
E1_1920,MaxCD,552,0,0,552
E1_1920,MaxCA,552,0,0,552
E1_1920,AvgCH,552,0,0,552
E1_1920,AvgCD,552,0,0,552
E1_1920,AvgCA,552,0,0,552
E1_1920,B365C>2.5,552,0,0,552
E1_1920,B365C<2.5,552,0,0,552
E1_1920,PC>2.5,552,0,0,552
E1_1920,PC<2.5,552,0,0,552
E1_1920,MaxC>2.5,552,0,0,552
E1_1920,MaxC<2.5,552,0,0,552
E1_1920,AvgC>2.5,552,0,0,552
E1_1920,AvgC<2.5,552,0,0,552
E1_1920,AHCh,552,0,0,552
E1_1920,B365CAHH,552,0,0,552
E1_1920,B365CAHA,552,0,0,552
E1_1920,PCAHH,552,0,0,552
E1_1920,PCAHA,552,0,0,552
E1_1920,MaxCAHH,552,0,0,552
E1_1920,MaxCAHA,552,0,0,552
E1_1920,AvgCAHH,552,0,0,552
E1_1920,AvgCAHA,552,0,0,552
E1_2021,B365H,552,0,0,552
E1_2021,B365D,552,0,0,552
E1_2021,B365A,552,0,0,552
E1_2021,BWH,552,0,0,552
E1_2021,BWD,552,0,0,552
E1_2021,BWA,552,0,0,552
E1_2021,IWH,552,0,0,552
E1_2021,IWD,552,0,0,552
E1_2021,IWA,552,0,0,552
E1_2021,PSH,552,1,0,551
E1_2021,PSD,552,1,0,551
E1_2021,PSA,552,1,0,551
E1_2021,WHH,552,0,0,552
E1_2021,WHD,552,0,0,552
E1_2021,WHA,552,0,0,552
E1_2021,VCH,552,0,0,552
E1_2021,VCD,552,0,0,552
E1_2021,VCA,552,0,0,552
E1_2021,MaxH,552,0,0,552
E1_2021,MaxD,552,0,0,552
E1_2021,MaxA,552,0,0,552
E1_2021,AvgH,552,0,0,552
E1_2021,AvgD,552,0,0,552
E1_2021,AvgA,552,0,0,552
E1_2021,B365>2.5,552,1,0,551
E1_2021,B365<2.5,552,1,0,551
E1_2021,P>2.5,552,1,0,551
E1_2021,P<2.5,552,1,0,551
E1_2021,Max>2.5,552,0,0,552
E1_2021,Max<2.5,552,0,0,552
E1_2021,Avg>2.5,552,0,0,552
E1_2021,Avg<2.5,552,0,0,552
E1_2021,AHh,552,0,0,552
E1_2021,B365AHH,552,1,0,551
E1_2021,B365AHA,552,1,0,551
E1_2021,PAHH,552,1,0,551
E1_2021,PAHA,552,1,0,551
E1_2021,MaxAHH,552,0,0,552
E1_2021,MaxAHA,552,0,0,552
E1_2021,AvgAHH,552,0,0,552
E1_2021,AvgAHA,552,0,0,552
E1_2021,B365CH,552,0,0,552
E1_2021,B365CD,552,0,0,552
E1_2021,B365CA,552,0,0,552
E1_2021,BWCH,552,0,0,552
E1_2021,BWCD,552,0,0,552
E1_2021,BWCA,552,0,0,552
E1_2021,IWCH,552,0,0,552
E1_2021,IWCD,552,0,0,552
E1_2021,IWCA,552,0,0,552
E1_2021,PSCH,552,2,0,550
E1_2021,PSCD,552,2,0,550
E1_2021,PSCA,552,2,0,550
E1_2021,WHCH,552,0,0,552
E1_2021,WHCD,552,0,0,552
E1_2021,WHCA,552,0,0,552
E1_2021,VCCH,552,0,0,552
E1_2021,VCCD,552,0,0,552
E1_2021,VCCA,552,0,0,552
E1_2021,MaxCH,552,0,0,552
E1_2021,MaxCD,552,0,0,552
E1_2021,MaxCA,552,0,0,552
E1_2021,AvgCH,552,0,0,552
E1_2021,AvgCD,552,0,0,552
E1_2021,AvgCA,552,0,0,552
E1_2021,B365C>2.5,552,0,0,552
E1_2021,B365C<2.5,552,0,0,552
E1_2021,PC>2.5,552,2,0,550
E1_2021,PC<2.5,552,2,0,550
E1_2021,MaxC>2.5,552,0,0,552
E1_2021,MaxC<2.5,552,0,0,552
E1_2021,AvgC>2.5,552,0,0,552
E1_2021,AvgC<2.5,552,0,0,552
E1_2021,AHCh,552,0,0,552
E1_2021,B365CAHH,552,0,0,552
E1_2021,B365CAHA,552,0,0,552
E1_2021,PCAHH,552,2,0,550
E1_2021,PCAHA,552,2,0,550
E1_2021,MaxCAHH,552,0,0,552
E1_2021,MaxCAHA,552,0,0,552
E1_2021,AvgCAHH,552,0,0,552
E1_2021,AvgCAHA,552,0,0,552
E1_2122,B365H,552,0,0,552
E1_2122,B365D,552,0,0,552
E1_2122,B365A,552,0,0,552
E1_2122,BWH,552,0,0,552
E1_2122,BWD,552,0,0,552
E1_2122,BWA,552,0,0,552
E1_2122,IWH,552,0,0,552
E1_2122,IWD,552,0,0,552
E1_2122,IWA,552,0,0,552
E1_2122,PSH,552,0,0,552
E1_2122,PSD,552,0,0,552
E1_2122,PSA,552,0,0,552
E1_2122,WHH,552,0,0,552
E1_2122,WHD,552,0,0,552
E1_2122,WHA,552,0,0,552
E1_2122,VCH,552,0,0,552
E1_2122,VCD,552,0,0,552
E1_2122,VCA,552,0,0,552
E1_2122,MaxH,552,0,0,552
E1_2122,MaxD,552,0,0,552
E1_2122,MaxA,552,0,0,552
E1_2122,AvgH,552,0,0,552
E1_2122,AvgD,552,0,0,552
E1_2122,AvgA,552,0,0,552
E1_2122,B365>2.5,552,0,0,552
E1_2122,B365<2.5,552,0,0,552
E1_2122,P>2.5,552,0,0,552
E1_2122,P<2.5,552,0,0,552
E1_2122,Max>2.5,552,0,0,552
E1_2122,Max<2.5,552,0,0,552
E1_2122,Avg>2.5,552,0,0,552
E1_2122,Avg<2.5,552,0,0,552
E1_2122,AHh,552,0,0,552
E1_2122,B365AHH,552,0,0,552
E1_2122,B365AHA,552,0,0,552
E1_2122,PAHH,552,0,0,552
E1_2122,PAHA,552,0,0,552
E1_2122,MaxAHH,552,0,0,552
E1_2122,MaxAHA,552,0,0,552
E1_2122,AvgAHH,552,0,0,552
E1_2122,AvgAHA,552,0,0,552
E1_2122,B365CH,552,0,0,552
E1_2122,B365CD,552,0,0,552
E1_2122,B365CA,552,0,0,552
E1_2122,BWCH,552,0,0,552
E1_2122,BWCD,552,0,0,552
E1_2122,BWCA,552,0,0,552
E1_2122,IWCH,552,0,0,552
E1_2122,IWCD,552,0,0,552
E1_2122,IWCA,552,0,0,552
E1_2122,PSCH,552,0,0,552
E1_2122,PSCD,552,0,0,552
E1_2122,PSCA,552,0,0,552
E1_2122,WHCH,552,0,0,552
E1_2122,WHCD,552,0,0,552
E1_2122,WHCA,552,0,0,552
E1_2122,VCCH,552,0,0,552
E1_2122,VCCD,552,0,0,552
E1_2122,VCCA,552,0,0,552
E1_2122,MaxCH,552,0,0,552
E1_2122,MaxCD,552,0,0,552
E1_2122,MaxCA,552,0,0,552
E1_2122,AvgCH,552,0,0,552
E1_2122,AvgCD,552,0,0,552
E1_2122,AvgCA,552,0,0,552
E1_2122,B365C>2.5,552,0,0,552
E1_2122,B365C<2.5,552,0,0,552
E1_2122,PC>2.5,552,0,0,552
E1_2122,PC<2.5,552,0,0,552
E1_2122,MaxC>2.5,552,0,0,552
E1_2122,MaxC<2.5,552,0,0,552
E1_2122,AvgC>2.5,552,0,0,552
E1_2122,AvgC<2.5,552,0,0,552
E1_2122,AHCh,552,0,0,552
E1_2122,B365CAHH,552,0,0,552
E1_2122,B365CAHA,552,0,0,552
E1_2122,PCAHH,552,0,0,552
E1_2122,PCAHA,552,0,0,552
E1_2122,MaxCAHH,552,0,0,552
E1_2122,MaxCAHA,552,0,0,552
E1_2122,AvgCAHH,552,0,0,552
E1_2122,AvgCAHA,552,0,0,552
E1_2223,B365H,552,0,0,552
E1_2223,B365D,552,0,0,552
E1_2223,B365A,552,0,0,552
E1_2223,BWH,552,0,0,552
E1_2223,BWD,552,0,0,552
E1_2223,BWA,552,0,0,552
E1_2223,IWH,552,11,0,541
E1_2223,IWD,552,11,0,541
E1_2223,IWA,552,11,0,541
E1_2223,PSH,552,0,0,552
E1_2223,PSD,552,0,0,552
E1_2223,PSA,552,0,0,552
E1_2223,WHH,552,0,0,552
E1_2223,WHD,552,0,0,552
E1_2223,WHA,552,0,0,552
E1_2223,VCH,552,0,0,552
E1_2223,VCD,552,0,0,552
E1_2223,VCA,552,0,0,552
E1_2223,MaxH,552,0,0,552
E1_2223,MaxD,552,0,0,552
E1_2223,MaxA,552,0,0,552
E1_2223,AvgH,552,0,0,552
E1_2223,AvgD,552,0,0,552
E1_2223,AvgA,552,0,0,552
E1_2223,B365>2.5,552,0,0,552
E1_2223,B365<2.5,552,0,0,552
E1_2223,P>2.5,552,0,0,552
E1_2223,P<2.5,552,0,0,552
E1_2223,Max>2.5,552,0,0,552
E1_2223,Max<2.5,552,0,0,552
E1_2223,Avg>2.5,552,0,0,552
E1_2223,Avg<2.5,552,0,0,552
E1_2223,AHh,552,0,0,552
E1_2223,B365AHH,552,0,0,552
E1_2223,B365AHA,552,0,0,552
E1_2223,PAHH,552,0,0,552
E1_2223,PAHA,552,0,0,552
E1_2223,MaxAHH,552,0,0,552
E1_2223,MaxAHA,552,0,0,552
E1_2223,AvgAHH,552,0,0,552
E1_2223,AvgAHA,552,0,0,552
E1_2223,B365CH,552,0,0,552
E1_2223,B365CD,552,0,0,552
E1_2223,B365CA,552,0,0,552
E1_2223,BWCH,552,0,0,552
E1_2223,BWCD,552,0,0,552
E1_2223,BWCA,552,0,0,552
E1_2223,IWCH,552,0,0,552
E1_2223,IWCD,552,0,0,552
E1_2223,IWCA,552,0,0,552
E1_2223,PSCH,552,0,0,552
E1_2223,PSCD,552,0,0,552
E1_2223,PSCA,552,0,0,552
E1_2223,WHCH,552,0,0,552
E1_2223,WHCD,552,0,0,552
E1_2223,WHCA,552,0,0,552
E1_2223,VCCH,552,0,0,552
E1_2223,VCCD,552,0,0,552
E1_2223,VCCA,552,0,0,552
E1_2223,MaxCH,552,0,0,552
E1_2223,MaxCD,552,0,0,552
E1_2223,MaxCA,552,0,0,552
E1_2223,AvgCH,552,0,0,552
E1_2223,AvgCD,552,0,0,552
E1_2223,AvgCA,552,0,0,552
E1_2223,B365C>2.5,552,0,0,552
E1_2223,B365C<2.5,552,0,0,552
E1_2223,PC>2.5,552,0,0,552
E1_2223,PC<2.5,552,0,0,552
E1_2223,MaxC>2.5,552,0,0,552
E1_2223,MaxC<2.5,552,0,0,552
E1_2223,AvgC>2.5,552,0,0,552
E1_2223,AvgC<2.5,552,0,0,552
E1_2223,AHCh,552,0,0,552
E1_2223,B365CAHH,552,0,0,552
E1_2223,B365CAHA,552,0,0,552
E1_2223,PCAHH,552,0,0,552
E1_2223,PCAHA,552,0,0,552
E1_2223,MaxCAHH,552,0,0,552
E1_2223,MaxCAHA,552,0,0,552
E1_2223,AvgCAHH,552,0,0,552
E1_2223,AvgCAHA,552,0,0,552
E1_2324,B365H,552,0,0,552
E1_2324,B365D,552,0,0,552
E1_2324,B365A,552,0,0,552
E1_2324,BWH,552,2,0,550
E1_2324,BWD,552,2,0,550
E1_2324,BWA,552,2,0,550
E1_2324,IWH,552,240,0,312
E1_2324,IWD,552,240,0,312
E1_2324,IWA,552,240,0,312
E1_2324,PSH,552,0,0,552
E1_2324,PSD,552,0,0,552
E1_2324,PSA,552,0,0,552
E1_2324,WHH,552,0,0,552
E1_2324,WHD,552,0,0,552
E1_2324,WHA,552,0,0,552
E1_2324,VCH,552,0,0,552
E1_2324,VCD,552,0,0,552
E1_2324,VCA,552,0,0,552
E1_2324,MaxH,552,0,0,552
E1_2324,MaxD,552,0,0,552
E1_2324,MaxA,552,0,0,552
E1_2324,AvgH,552,0,0,552
E1_2324,AvgD,552,0,0,552
E1_2324,AvgA,552,0,0,552
E1_2324,B365>2.5,552,0,0,552
E1_2324,B365<2.5,552,0,0,552
E1_2324,P>2.5,552,0,0,552
E1_2324,P<2.5,552,0,0,552
E1_2324,Max>2.5,552,0,0,552
E1_2324,Max<2.5,552,0,0,552
E1_2324,Avg>2.5,552,0,0,552
E1_2324,Avg<2.5,552,0,0,552
E1_2324,AHh,552,0,0,552
E1_2324,B365AHH,552,0,0,552
E1_2324,B365AHA,552,0,0,552
E1_2324,PAHH,552,0,0,552
E1_2324,PAHA,552,0,0,552
E1_2324,MaxAHH,552,0,0,552
E1_2324,MaxAHA,552,0,0,552
E1_2324,AvgAHH,552,0,0,552
E1_2324,AvgAHA,552,0,0,552
E1_2324,B365CH,552,0,0,552
E1_2324,B365CD,552,0,0,552
E1_2324,B365CA,552,0,0,552
E1_2324,BWCH,552,14,0,538
E1_2324,BWCD,552,14,0,538
E1_2324,BWCA,552,14,0,538
E1_2324,IWCH,552,240,0,312
E1_2324,IWCD,552,240,0,312
E1_2324,IWCA,552,240,0,312
E1_2324,PSCH,552,0,0,552
E1_2324,PSCD,552,0,0,552
E1_2324,PSCA,552,0,0,552
E1_2324,WHCH,552,0,0,552
E1_2324,WHCD,552,0,0,552
E1_2324,WHCA,552,0,0,552
E1_2324,VCCH,552,0,0,552
E1_2324,VCCD,552,0,0,552
E1_2324,VCCA,552,0,0,552
E1_2324,MaxCH,552,0,0,552
E1_2324,MaxCD,552,0,0,552
E1_2324,MaxCA,552,0,0,552
E1_2324,AvgCH,552,0,0,552
E1_2324,AvgCD,552,0,0,552
E1_2324,AvgCA,552,0,0,552
E1_2324,B365C>2.5,552,0,0,552
E1_2324,B365C<2.5,552,0,0,552
E1_2324,PC>2.5,552,0,0,552
E1_2324,PC<2.5,552,0,0,552
E1_2324,MaxC>2.5,552,0,0,552
E1_2324,MaxC<2.5,552,0,0,552
E1_2324,AvgC>2.5,552,0,0,552
E1_2324,AvgC<2.5,552,0,0,552
E1_2324,AHCh,552,0,0,552
E1_2324,B365CAHH,552,0,0,552
E1_2324,B365CAHA,552,0,0,552
E1_2324,PCAHH,552,0,0,552
E1_2324,PCAHA,552,0,0,552
E1_2324,MaxCAHH,552,0,0,552
E1_2324,MaxCAHA,552,0,0,552
E1_2324,AvgCAHH,552,0,0,552
E1_2324,AvgCAHA,552,0,0,552
E1_2425,B365H,552,0,0,552
E1_2425,B365D,552,0,0,552
E1_2425,B365A,552,0,0,552
E1_2425,BWH,552,184,0,368
E1_2425,BWD,552,184,0,368
E1_2425,BWA,552,184,0,368
E1_2425,BFH,552,0,0,552
E1_2425,BFD,552,0,0,552
E1_2425,BFA,552,0,0,552
E1_2425,PSH,552,0,0,552
E1_2425,PSD,552,0,0,552
E1_2425,PSA,552,0,0,552
E1_2425,WHH,552,97,0,455
E1_2425,WHD,552,97,0,455
E1_2425,WHA,552,97,0,455
E1_2425,1XBH,552,10,0,542
E1_2425,1XBD,552,10,0,542
E1_2425,1XBA,552,10,0,542
E1_2425,MaxH,552,0,0,552
E1_2425,MaxD,552,0,0,552
E1_2425,MaxA,552,0,0,552
E1_2425,AvgH,552,0,0,552
E1_2425,AvgD,552,0,0,552
E1_2425,AvgA,552,0,0,552
E1_2425,BFEH,552,0,0,552
E1_2425,BFED,552,0,0,552
E1_2425,BFEA,552,0,0,552
E1_2425,B365>2.5,552,0,0,552
E1_2425,B365<2.5,552,0,0,552
E1_2425,P>2.5,552,1,0,551
E1_2425,P<2.5,552,1,0,551
E1_2425,Max>2.5,552,0,0,552
E1_2425,Max<2.5,552,0,0,552
E1_2425,Avg>2.5,552,0,0,552
E1_2425,Avg<2.5,552,0,0,552
E1_2425,BFE>2.5,552,5,0,547
E1_2425,BFE<2.5,552,5,0,547
E1_2425,AHh,552,0,0,552
E1_2425,B365AHH,552,0,0,552
E1_2425,B365AHA,552,0,0,552
E1_2425,PAHH,552,0,0,552
E1_2425,PAHA,552,0,0,552
E1_2425,MaxAHH,552,0,0,552
E1_2425,MaxAHA,552,0,0,552
E1_2425,AvgAHH,552,0,0,552
E1_2425,AvgAHA,552,0,0,552
E1_2425,BFEAHH,552,27,0,525
E1_2425,BFEAHA,552,27,0,525
E1_2425,B365CH,552,0,0,552
E1_2425,B365CD,552,0,0,552
E1_2425,B365CA,552,0,0,552
E1_2425,BWCH,552,184,0,368
E1_2425,BWCD,552,184,0,368
E1_2425,BWCA,552,184,0,368
E1_2425,BFCH,552,0,0,552
E1_2425,BFCD,552,0,0,552
E1_2425,BFCA,552,0,0,552
E1_2425,PSCH,552,0,0,552
E1_2425,PSCD,552,0,0,552
E1_2425,PSCA,552,0,0,552
E1_2425,WHCH,552,96,0,456
E1_2425,WHCD,552,96,0,456
E1_2425,WHCA,552,96,0,456
E1_2425,1XBCH,552,0,0,552
E1_2425,1XBCD,552,0,0,552
E1_2425,1XBCA,552,0,0,552
E1_2425,MaxCH,552,0,0,552
E1_2425,MaxCD,552,0,0,552
E1_2425,MaxCA,552,0,0,552
E1_2425,AvgCH,552,0,0,552
E1_2425,AvgCD,552,0,0,552
E1_2425,AvgCA,552,0,0,552
E1_2425,BFECH,552,0,0,552
E1_2425,BFECD,552,0,0,552
E1_2425,BFECA,552,0,0,552
E1_2425,B365C>2.5,552,0,0,552
E1_2425,B365C<2.5,552,0,0,552
E1_2425,PC>2.5,552,0,0,552
E1_2425,PC<2.5,552,0,0,552
E1_2425,MaxC>2.5,552,0,0,552
E1_2425,MaxC<2.5,552,0,0,552
E1_2425,AvgC>2.5,552,0,0,552
E1_2425,AvgC<2.5,552,0,0,552
E1_2425,BFEC>2.5,552,0,0,552
E1_2425,BFEC<2.5,552,0,0,552
E1_2425,AHCh,552,0,0,552
E1_2425,B365CAHH,552,0,0,552
E1_2425,B365CAHA,552,0,0,552
E1_2425,PCAHH,552,0,0,552
E1_2425,PCAHA,552,0,0,552
E1_2425,MaxCAHH,552,0,0,552
E1_2425,MaxCAHA,552,0,0,552
E1_2425,AvgCAHH,552,0,0,552
E1_2425,AvgCAHA,552,0,0,552
E1_2425,BFECAHH,552,0,1,551
E1_2425,BFECAHA,552,0,1,551
E1_2526,B365H,552,0,0,552
E1_2526,B365D,552,0,0,552
E1_2526,B365A,552,0,0,552
E1_2526,BFDH,552,0,0,552
E1_2526,BFDD,552,0,0,552
E1_2526,BFDA,552,0,0,552
E1_2526,BMGMH,552,0,0,552
E1_2526,BMGMD,552,0,0,552
E1_2526,BMGMA,552,0,0,552
E1_2526,BVH,552,0,0,552
E1_2526,BVD,552,0,0,552
E1_2526,BVA,552,0,0,552
E1_2526,BWH,552,9,0,543
E1_2526,BWD,552,9,0,543
E1_2526,BWA,552,9,0,543
E1_2526,CLH,552,124,0,428
E1_2526,CLD,552,124,0,428
E1_2526,CLA,552,124,0,428
E1_2526,LBH,552,124,0,428
E1_2526,LBD,552,124,0,428
E1_2526,LBA,552,124,0,428
E1_2526,PSH,552,292,0,260
E1_2526,PSD,552,292,0,260
E1_2526,PSA,552,292,0,260
E1_2526,MaxH,552,0,0,552
E1_2526,MaxD,552,0,0,552
E1_2526,MaxA,552,0,0,552
E1_2526,AvgH,552,0,0,552
E1_2526,AvgD,552,0,0,552
E1_2526,AvgA,552,0,0,552
E1_2526,BFEH,552,36,0,516
E1_2526,BFED,552,36,0,516
E1_2526,BFEA,552,36,0,516
E1_2526,B365>2.5,552,0,0,552
E1_2526,B365<2.5,552,0,0,552
E1_2526,P>2.5,552,292,0,260
E1_2526,P<2.5,552,292,0,260
E1_2526,Max>2.5,552,0,0,552
E1_2526,Max<2.5,552,0,0,552
E1_2526,Avg>2.5,552,0,0,552
E1_2526,Avg<2.5,552,0,0,552
E1_2526,BFE>2.5,552,38,0,514
E1_2526,BFE<2.5,552,38,0,514
E1_2526,AHh,552,0,0,552
E1_2526,B365AHH,552,1,0,551
E1_2526,B365AHA,552,1,0,551
E1_2526,PAHH,552,292,0,260
E1_2526,PAHA,552,292,0,260
E1_2526,MaxAHH,552,0,0,552
E1_2526,MaxAHA,552,0,0,552
E1_2526,AvgAHH,552,0,0,552
E1_2526,AvgAHA,552,0,0,552
E1_2526,BFEAHH,552,65,0,487
E1_2526,BFEAHA,552,65,0,487
E1_2526,B365CH,552,0,0,552
E1_2526,B365CD,552,0,0,552
E1_2526,B365CA,552,0,0,552
E1_2526,BFDCH,552,6,0,546
E1_2526,BFDCD,552,6,0,546
E1_2526,BFDCA,552,6,0,546
E1_2526,BMGMCH,552,0,0,552
E1_2526,BMGMCD,552,0,0,552
E1_2526,BMGMCA,552,0,0,552
E1_2526,BVCH,552,6,0,546
E1_2526,BVCD,552,6,0,546
E1_2526,BVCA,552,6,0,546
E1_2526,BWCH,552,0,0,552
E1_2526,BWCD,552,0,0,552
E1_2526,BWCA,552,0,0,552
E1_2526,CLCH,552,154,0,398
E1_2526,CLCD,552,154,0,398
E1_2526,CLCA,552,154,0,398
E1_2526,LBCH,552,132,0,420
E1_2526,LBCD,552,132,0,420
E1_2526,LBCA,552,132,0,420
E1_2526,PSCH,552,281,0,271
E1_2526,PSCD,552,281,0,271
E1_2526,PSCA,552,281,0,271
E1_2526,MaxCH,552,0,0,552
E1_2526,MaxCD,552,0,0,552
E1_2526,MaxCA,552,0,0,552
E1_2526,AvgCH,552,0,0,552
E1_2526,AvgCD,552,0,0,552
E1_2526,AvgCA,552,0,0,552
E1_2526,BFECH,552,36,0,516
E1_2526,BFECD,552,36,0,516
E1_2526,BFECA,552,36,0,516
E1_2526,B365C>2.5,552,0,0,552
E1_2526,B365C<2.5,552,0,0,552
E1_2526,PC>2.5,552,281,0,271
E1_2526,PC<2.5,552,281,0,271
E1_2526,MaxC>2.5,552,0,0,552
E1_2526,MaxC<2.5,552,0,0,552
E1_2526,AvgC>2.5,552,0,0,552
E1_2526,AvgC<2.5,552,0,0,552
E1_2526,BFEC>2.5,552,36,0,516
E1_2526,BFEC<2.5,552,36,0,516
E1_2526,AHCh,552,0,0,552
E1_2526,B365CAHH,552,0,0,552
E1_2526,B365CAHA,552,0,0,552
E1_2526,PCAHH,552,281,0,271
E1_2526,PCAHA,552,281,0,271
E1_2526,MaxCAHH,552,0,0,552
E1_2526,MaxCAHA,552,0,0,552
E1_2526,AvgCAHH,552,0,0,552
E1_2526,AvgCAHA,552,0,0,552
E1_2526,BFECAHH,552,36,0,516
E1_2526,BFECAHA,552,36,0,516
